<beans xmlns="http://www.springframework.org/schema/beans"
	xmlns:xsi="http://www.w3.org/2001/XMLSchema-instance"
	xsi:schemaLocation="http://www.springframework.org/schema/beans
	http://www.springframework.org/schema/beans/spring-beans-3.0.xsd">

	<bean id="jobA" class="com.csaa.bulkorder.job.JobA" />
	<bean id="jobB" class="com.csaa.bulkorder.job.JobB" />

	<!-- Quartz Job -->
	<bean name="JobA" class="org.springframework.scheduling.quartz.JobDetailBean">
		<property name="jobClass" value="com.csaa.bulkorder.job.JobA" />
	</bean>

	<bean name="JobB" class="org.springframework.scheduling.quartz.JobDetailBean">
		<property name="jobClass" value="com.csaa.bulkorder.job.JobB" />
	</bean>

	<!-- Cron Trigger, run every 5 seconds -->
	<bean id="cronTriggerJobA" class="org.springframework.scheduling.quartz.CronTriggerBean">
		<property name="jobDetail" ref="JobA" />
		<property name="cronExpression" value="JobA_Time" />
	</bean>

	<bean id="cronTriggerJobB" class="org.springframework.scheduling.quartz.CronTriggerBean">
		<property name="jobDetail" ref="JobB" />
		<property name="cronExpression" value="JobB_Time" />
	</bean>


	<bean class="org.springframework.scheduling.quartz.SchedulerFactoryBean">
		<property name="triggers">
			<list>
				<ref bean="cronTriggerJobA" />
				<ref bean="cronTriggerJobB" />
			</list>
		</property>
	</bean>

</beans>